,awake,bedtime_end,bedtime_end_delta,bedtime_start,bedtime_start_delta,breath_average,deep,duration,efficiency,hr_5min,hr_average,hr_lowest,hypnogram_5min,is_longest,light,midpoint_at_delta,midpoint_time,onset_latency,period_id,rem,restless,rmssd,rmssd_5min,score,score_alignment,score_deep,score_disturbances,score_efficiency,score_latency,score_rem,score_total,summary_date,temperature_delta,temperature_deviation,temperature_trend_deviation,timezone,total
0,4170,2019-09-10T06:40:36-04:00,24036,2019-09-09T21:13:36-04:00,-9984,14.75,7230,34020,88,"[0, 50, 51, 51, 53, 54, 54, 54, 54, 55, 55, 55, 54, 51, 48, 52, 54, 53, 49, 48, 49, 50, 50, 46, 44, 45, 46, 45, 45, 44, 45, 45, 45, 45, 41, 44, 47, 47, 45, 45, 45, 42, 42, 42, 42, 43, 43, 43, 43, 44, 44, 44, 43, 42, 42, 42, 42, 41, 41, 43, 50, 0, 0, 42, 43, 43, 42, 41, 41, 41, 40, 40, 40, 42, 44, 44, 44, 48, 49, 45, 43, 43, 39, 40, 41, 42, 42, 42, 42, 43, 42, 41, 42, 42, 43, 0, 42, 44, 42, 40, 40, 42, 41, 42, 41, 41, 41, 43, 44, 43, 44, 45, 40, 0]",47.75,39,422111111111124332422112222221111122111222222212222134222224444422222222222112322222222222322244222222222233223344,1,20280,6936,16920,360,0,2340,34,139,"[0, 93, 94, 93, 90, 78, 90, 79, 74, 70, 71, 74, 79, 126, 122, 80, 68, 93, 106, 116, 113, 106, 112, 136, 113, 126, 111, 132, 138, 137, 123, 125, 122, 118, 162, 147, 158, 152, 151, 144, 133, 160, 135, 147, 128, 123, 135, 132, 127, 127, 137, 130, 156, 152, 144, 147, 157, 161, 178, 183, 175, 0, 0, 142, 135, 164, 149, 143, 129, 123, 147, 129, 136, 163, 140, 140, 141, 130, 156, 146, 156, 163, 169, 185, 175, 168, 160, 146, 137, 138, 133, 168, 160, 170, 174, 0, 162, 162, 192, 164, 184, 180, 201, 188, 161, 177, 198, 194, 179, 172, 177, 165, 177, 0]",82,100,97,78,90,75,31,90,2019-09-09,-0.41,-0.41,,-240,29850
1,5250,2019-09-11T05:40:41-04:00,20441,2019-09-10T21:45:41-04:00,-8059,15.375,6390,28500,82,"[58, 60, 64, 60, 59, 60, 61, 59, 56, 59, 60, 59, 0, 0, 56, 56, 60, 55, 54, 53, 54, 52, 0, 0, 0, 0, 55, 53, 54, 54, 56, 53, 54, 55, 56, 56, 56, 57, 57, 57, 55, 56, 58, 57, 54, 51, 52, 53, 53, 53, 52, 52, 0, 0, 0, 0, 0, 46, 47, 51, 52, 50, 50, 53, 49, 48, 0, 0, 47, 48, 48, 49, 48, 48, 48, 0, 46, 47, 42, 46, 45, 46, 46, 47, 47, 47, 46, 50, 53, 0, 48, 46, 0, 48, 0, 41]",58.25,41,44222221221444444444224444422222221111111222222111111331122222232213222112112222222222223332424,1,14250,7631,15690,480,0,2610,25,95,"[71, 59, 33, 42, 66, 47, 40, 60, 69, 45, 39, 43, 0, 0, 87, 84, 57, 81, 71, 79, 69, 136, 0, 0, 0, 0, 73, 80, 85, 84, 58, 81, 70, 64, 61, 58, 52, 54, 52, 54, 80, 70, 46, 53, 99, 91, 77, 70, 84, 84, 84, 86, 0, 0, 0, 0, 0, 102, 106, 81, 77, 107, 130, 78, 118, 107, 0, 0, 129, 112, 111, 105, 110, 122, 117, 0, 127, 128, 198, 127, 140, 151, 150, 146, 156, 148, 131, 119, 69, 0, 155, 160, 0, 129, 0, 201]",72,100,96,73,76,81,35,64,2019-09-10,-0.33,-0.33,,-240,23250
2,5670,2019-09-12T06:51:01-04:00,24661,2019-09-11T21:58:01-04:00,-7319,15.25,6870,31980,82,"[57, 59, 59, 55, 57, 56, 58, 58, 57, 60, 61, 63, 62, 58, 58, 58, 63, 60, 60, 59, 59, 58, 60, 59, 59, 50, 50, 51, 52, 48, 50, 51, 51, 50, 50, 50, 49, 47, 51, 52, 54, 52, 51, 49, 47, 47, 49, 0, 0, 47, 46, 44, 43, 43, 45, 43, 46, 46, 44, 44, 46, 45, 46, 45, 46, 49, 47, 46, 45, 44, 45, 45, 43, 43, 43, 44, 0, 43, 45, 45, 46, 44, 42, 43, 43, 46, 0, 0, 43, 45, 0, 0, 0, 0, 43, 44, 46, 45, 45, 46, 0, 46, 47, 0, 43, 0, 0]",52.625,42,44442211221112223422311112221221111111223322422444222222222212222122211122223222122221442233332223334444444,1,16500,8371,15690,1050,0,2940,31,115,"[105, 81, 76, 80, 76, 87, 69, 74, 71, 52, 54, 40, 55, 76, 59, 63, 33, 49, 46, 53, 53, 62, 53, 56, 57, 131, 112, 112, 111, 123, 109, 105, 112, 119, 110, 111, 125, 156, 116, 98, 99, 114, 133, 111, 155, 184, 162, 0, 0, 99, 120, 144, 137, 145, 143, 146, 105, 94, 125, 148, 141, 117, 108, 107, 112, 99, 137, 126, 149, 148, 140, 140, 172, 162, 149, 151, 0, 133, 130, 134, 141, 126, 117, 146, 167, 171, 0, 0, 145, 173, 0, 0, 0, 0, 143, 129, 134, 124, 133, 117, 0, 166, 150, 0, 173, 0, 0]",77,100,97,68,76,91,39,76,2019-09-11,0.05,0.05,0.26,-240,26310
3,3480,2019-09-13T07:02:18-04:00,25338,2019-09-12T23:59:18-04:00,-42,15.125,6180,25380,86,"[0, 0, 49, 50, 53, 50, 52, 52, 53, 52, 51, 50, 52, 52, 53, 52, 50, 55, 53, 51, 51, 47, 49, 49, 51, 51, 51, 50, 51, 0, 0, 0, 0, 45, 45, 46, 45, 0, 46, 49, 53, 50, 53, 51, 52, 50, 50, 48, 47, 47, 49, 50, 49, 51, 50, 0, 0, 0, 0, 0, 0, 0, 0, 43, 0, 41, 46, 46, 47, 0, 53, 47, 46, 47, 47, 0, 0, 47, 47, 0, 47, 43, 43, 46, 46]",56.625,41,4422111111122111122222211111144422222122223322122222121444222422222233332233323322244,1,12570,12678,12720,630,0,3150,25,107,"[0, 0, 87, 75, 55, 84, 70, 78, 65, 83, 91, 80, 72, 68, 62, 67, 93, 63, 81, 92, 80, 145, 104, 95, 88, 87, 97, 91, 111, 0, 0, 0, 0, 133, 141, 124, 125, 0, 173, 126, 93, 138, 90, 146, 113, 129, 130, 134, 161, 128, 93, 101, 104, 89, 107, 0, 0, 0, 0, 0, 0, 0, 0, 118, 0, 119, 118, 149, 113, 0, 67, 137, 123, 142, 137, 0, 0, 133, 119, 0, 131, 174, 164, 168, 149]",74,84,96,92,86,89,43,59,2019-09-12,0.0,0.0,0.39,-240,21900
4,3360,2019-09-14T06:33:22-04:00,23602,2019-09-13T22:47:22-04:00,-4358,14.5,9330,27960,88,"[51, 48, 46, 45, 47, 47, 48, 48, 49, 48, 48, 49, 47, 50, 49, 47, 47, 47, 47, 47, 42, 44, 44, 44, 45, 46, 46, 45, 47, 49, 47, 48, 49, 48, 48, 43, 45, 46, 47, 48, 47, 47, 48, 45, 42, 42, 43, 43, 44, 45, 43, 43, 44, 44, 0, 0, 0, 0, 0, 41, 42, 43, 45, 44, 46, 50, 50, 0, 47, 48, 50, 48, 50, 50, 50, 0, 48, 51, 53, 0, 47, 50, 46, 44, 44, 44, 45, 42, 42, 44, 44, 45, 44, 0]",50.0,41,4222111111111111122122111111112221122211112222211222444444442222223322222113333333333322223344,1,11160,9142,13500,270,0,4110,26,115,"[77, 79, 90, 98, 89, 79, 77, 77, 81, 89, 88, 85, 101, 90, 107, 108, 117, 119, 116, 117, 139, 111, 115, 104, 111, 97, 107, 113, 105, 85, 124, 117, 100, 125, 98, 150, 129, 112, 96, 93, 98, 105, 93, 135, 156, 115, 122, 132, 139, 126, 110, 150, 162, 155, 0, 0, 0, 0, 0, 139, 115, 127, 121, 131, 125, 103, 98, 0, 128, 127, 121, 135, 125, 123, 120, 0, 79, 69, 60, 0, 129, 124, 137, 147, 145, 173, 167, 135, 144, 142, 139, 138, 131, 0]",79,100,100,83,90,72,56,70,2019-09-13,-0.1,-0.1,0.28,-240,24600
5,2610,2019-09-15T04:08:48-04:00,14928,2019-09-14T21:41:48-04:00,-8292,15.75,4890,23220,89,"[56, 57, 56, 56, 59, 62, 66, 68, 71, 71, 68, 65, 66, 66, 59, 60, 61, 64, 64, 62, 63, 61, 62, 62, 63, 57, 57, 57, 58, 58, 57, 56, 57, 56, 56, 53, 52, 50, 55, 52, 50, 55, 49, 48, 47, 49, 46, 47, 0, 53, 54, 50, 50, 48, 48, 45, 44, 44, 44, 44, 45, 43, 44, 46, 46, 45, 45, 44, 48, 44, 46, 45, 43, 43, 42, 44, 0, 0]",56.125,42,421122211142232223322221122211111111222222222222444442222222222222221222222244,1,14880,3288,11580,360,0,840,38,97,"[92, 70, 93, 110, 97, 77, 58, 44, 31, 30, 48, 34, 27, 41, 84, 60, 73, 29, 29, 48, 55, 48, 39, 44, 43, 109, 79, 69, 64, 65, 74, 77, 70, 70, 75, 101, 122, 123, 101, 121, 128, 82, 111, 124, 134, 135, 118, 132, 0, 114, 96, 102, 106, 114, 143, 145, 127, 152, 140, 135, 122, 104, 100, 105, 104, 112, 119, 118, 117, 148, 136, 183, 187, 165, 129, 136, 0, 0]",67,100,83,76,93,75,11,54,2019-09-14,0.02,0.02,0.13,-240,20610
6,2550,2019-09-16T07:00:47-04:00,25247,2019-09-15T21:51:47-04:00,-7693,14.75,8130,32940,92,"[0, 0, 51, 53, 53, 54, 54, 55, 54, 52, 51, 51, 49, 49, 49, 48, 47, 53, 55, 49, 49, 48, 46, 47, 47, 48, 48, 48, 48, 48, 48, 48, 45, 43, 44, 46, 47, 47, 48, 47, 47, 47, 49, 48, 42, 45, 45, 46, 45, 46, 47, 47, 44, 45, 47, 52, 49, 47, 48, 46, 46, 47, 47, 48, 50, 46, 47, 48, 49, 49, 54, 52, 44, 46, 47, 50, 50, 50, 50, 48, 50, 50, 50, 44, 45, 44, 47, 45, 47, 47, 46, 0, 46, 45, 43, 45, 0, 44, 45, 48, 49, 51, 51, 50, 48, 49, 52, 49, 49, 50]",49.625,42,44211111112121111332212211111111222222222111222122122214444222222222213322222222222222222333333332223333322344,1,17310,8867,16560,720,0,4950,23,108,"[0, 0, 131, 110, 105, 89, 84, 78, 81, 91, 87, 82, 101, 93, 94, 111, 98, 55, 49, 83, 84, 99, 124, 93, 97, 100, 110, 103, 96, 99, 92, 110, 135, 131, 124, 118, 122, 118, 123, 132, 116, 100, 98, 112, 110, 100, 113, 103, 111, 103, 108, 119, 111, 120, 130, 113, 135, 125, 91, 105, 115, 125, 112, 111, 95, 135, 147, 112, 94, 131, 98, 85, 138, 132, 115, 90, 83, 95, 91, 114, 94, 91, 100, 144, 125, 117, 125, 124, 112, 121, 119, 0, 141, 127, 127, 123, 0, 145, 155, 116, 111, 92, 89, 121, 123, 114, 102, 111, 122, 105]",92,100,99,97,97,91,68,92,2019-09-15,0.11,0.11,0.13,-240,30390
7,2910,2019-09-17T07:21:02-04:00,26462,2019-09-16T22:36:02-04:00,-5038,14.375,7590,31500,91,"[47, 48, 48, 49, 50, 50, 50, 50, 50, 50, 48, 45, 45, 44, 46, 49, 50, 46, 45, 45, 46, 45, 46, 45, 44, 44, 44, 43, 41, 41, 41, 41, 41, 41, 42, 43, 42, 49, 48, 45, 44, 45, 42, 41, 43, 43, 46, 44, 43, 43, 43, 45, 45, 45, 46, 45, 45, 44, 42, 43, 0, 45, 43, 42, 41, 42, 43, 43, 43, 44, 49, 51, 46, 45, 47, 43, 41, 41, 43, 44, 44, 45, 45, 0, 0, 46, 40, 42, 46, 0, 47, 0, 45, 44, 45, 44, 42, 45, 46, 47, 47, 0, 49, 47, 47, 0]",47.75,40,422111111112222214222221111122242221113221222222222221122143332222222213222222212213442223334222233333344,1,16620,10292,15330,420,0,4380,30,120,"[68, 88, 78, 71, 78, 69, 70, 74, 70, 73, 118, 102, 94, 89, 85, 131, 109, 111, 103, 92, 90, 98, 97, 93, 112, 102, 117, 128, 147, 124, 116, 123, 130, 141, 121, 128, 123, 102, 109, 134, 167, 141, 130, 159, 149, 169, 170, 127, 127, 123, 119, 109, 114, 121, 113, 122, 127, 134, 158, 152, 0, 119, 126, 147, 148, 130, 117, 137, 123, 126, 112, 110, 138, 122, 133, 171, 163, 123, 128, 144, 145, 135, 138, 0, 0, 168, 150, 144, 137, 0, 132, 0, 134, 132, 120, 136, 121, 107, 107, 132, 97, 0, 151, 155, 162, 0]",85,100,98,79,96,78,59,85,2019-09-16,-0.25,-0.25,0.04,-240,28590
8,1920,2019-09-18T07:02:05-04:00,25325,2019-09-18T00:08:05-04:00,485,15.0,6870,24840,92,"[0, 0, 50, 49, 50, 51, 52, 53, 53, 53, 53, 51, 54, 53, 53, 51, 0, 51, 52, 52, 54, 49, 51, 52, 52, 51, 46, 48, 49, 49, 50, 51, 51, 51, 49, 49, 51, 46, 46, 48, 47, 49, 46, 47, 52, 53, 52, 50, 51, 47, 46, 49, 51, 52, 52, 52, 52, 53, 53, 52, 52, 52, 50, 47, 54, 48, 47, 49, 49, 49, 48, 46, 48, 48, 45, 46, 49, 50, 50, 50, 51, 58, 0]",53.0,45,44222211111113311221122212222111121222122222211222222222233232233332222221231331444,1,12480,12785,12300,600,0,3570,27,101,"[0, 0, 85, 98, 82, 79, 72, 70, 69, 76, 81, 81, 65, 66, 66, 90, 0, 106, 86, 81, 71, 98, 73, 75, 73, 86, 124, 131, 124, 128, 118, 104, 117, 111, 139, 100, 75, 118, 150, 147, 132, 121, 149, 139, 91, 88, 84, 130, 111, 112, 116, 95, 83, 69, 78, 75, 79, 78, 62, 73, 78, 73, 108, 114, 65, 104, 158, 108, 104, 103, 123, 136, 111, 125, 172, 181, 125, 115, 119, 139, 88, 58, 0]",77,83,97,94,97,86,48,63,2019-09-17,-0.09,-0.09,-0.02,-240,22920
9,2280,2019-09-19T06:55:13-04:00,24913,2019-09-18T22:11:13-04:00,-6527,14.625,7860,31440,93,"[0, 49, 50, 51, 53, 53, 53, 53, 52, 52, 50, 49, 51, 53, 53, 51, 52, 51, 50, 51, 51, 51, 45, 47, 48, 46, 47, 49, 48, 49, 48, 46, 51, 49, 47, 48, 47, 47, 44, 45, 46, 46, 46, 45, 44, 45, 46, 46, 47, 49, 44, 44, 45, 48, 49, 46, 45, 45, 46, 44, 44, 46, 48, 48, 48, 45, 47, 45, 45, 46, 46, 47, 48, 48, 48, 45, 49, 49, 49, 47, 46, 46, 46, 45, 44, 43, 43, 46, 47, 48, 49, 46, 45, 46, 48, 46, 43, 44, 46, 43, 44, 0, 0, 0, 0]",48.75,43,443111111222213322211121122111122222222221112211221221322233221112322222222223332223332222342233223334444,1,16740,8683,15210,570,0,4560,32,111,"[0, 109, 111, 102, 82, 82, 78, 93, 95, 78, 103, 107, 77, 73, 78, 81, 91, 80, 78, 71, 79, 89, 125, 110, 116, 111, 99, 93, 101, 98, 110, 130, 80, 90, 116, 93, 111, 106, 138, 116, 124, 128, 121, 136, 147, 132, 120, 120, 103, 100, 116, 137, 130, 94, 119, 129, 131, 144, 125, 115, 120, 97, 94, 91, 125, 147, 119, 116, 106, 109, 101, 100, 95, 97, 110, 127, 101, 144, 108, 111, 113, 131, 133, 132, 132, 127, 113, 117, 112, 108, 129, 129, 140, 107, 103, 138, 137, 168, 131, 179, 169, 0, 0, 0, 0]",88,100,98,89,98,86,62,87,2019-09-18,-0.18,-0.18,-0.04,-240,29160
10,4290,2019-09-20T05:29:01-04:00,19741,2019-09-19T21:57:01-04:00,-7379,14.125,7440,27120,84,"[51, 49, 48, 50, 49, 48, 47, 46, 46, 47, 48, 48, 46, 45, 45, 46, 46, 48, 47, 47, 46, 0, 50, 47, 46, 48, 45, 45, 46, 45, 45, 46, 42, 41, 42, 43, 43, 42, 41, 43, 46, 45, 45, 43, 44, 43, 43, 42, 42, 44, 0, 44, 44, 42, 40, 0, 0, 0, 0, 42, 40, 42, 44, 42, 40, 41, 42, 44, 44, 45, 45, 44, 44, 42, 40, 41, 45, 41, 41, 43, 41, 44, 41, 42, 43, 48, 42, 39, 44, 42, 0]",49.875,39,4222222222211111111111322222211122111122123332132444444244442244222111111222222222223322244,1,13530,5791,13170,330,0,1860,33,132,"[101, 104, 106, 109, 137, 130, 90, 98, 82, 80, 74, 73, 117, 152, 145, 140, 116, 113, 121, 109, 129, 0, 108, 111, 99, 108, 112, 97, 97, 93, 103, 87, 120, 106, 105, 103, 111, 116, 133, 118, 145, 143, 164, 150, 151, 130, 127, 184, 176, 124, 0, 126, 133, 124, 112, 0, 0, 0, 0, 136, 117, 140, 135, 158, 149, 161, 150, 139, 141, 127, 132, 146, 136, 155, 145, 161, 152, 149, 179, 150, 165, 185, 174, 188, 181, 159, 208, 154, 153, 147, 0]",72,100,98,83,81,75,24,63,2019-09-19,0.09,0.09,0.03,-240,22830
11,990,2019-09-21T06:01:13-04:00,21673,2019-09-20T22:37:13-04:00,-4967,15.125,8220,26640,96,"[0, 50, 52, 53, 55, 55, 56, 56, 56, 56, 57, 52, 49, 51, 52, 56, 57, 51, 52, 53, 54, 54, 54, 54, 53, 52, 51, 50, 50, 48, 46, 46, 45, 46, 45, 46, 46, 46, 51, 57, 53, 51, 48, 47, 47, 45, 46, 48, 47, 47, 47, 47, 47, 44, 46, 47, 47, 44, 43, 42, 43, 43, 44, 45, 45, 48, 48, 52, 43, 44, 45, 42, 41, 44, 44, 44, 44, 42, 44, 44, 44, 46, 45, 45, 40, 41, 43, 42, 45]",49.375,40,44111111111222133221111111112222222222233222222122112222113222211133222222222222221222224,1,15450,8443,13410,480,0,1980,29,109,"[0, 91, 80, 75, 62, 54, 53, 53, 52, 51, 47, 113, 89, 82, 85, 52, 63, 85, 73, 70, 58, 64, 70, 66, 72, 84, 92, 91, 107, 109, 130, 134, 133, 130, 120, 118, 122, 112, 106, 83, 130, 109, 111, 119, 109, 107, 100, 107, 108, 101, 105, 116, 122, 156, 119, 128, 121, 134, 153, 170, 146, 160, 146, 150, 148, 141, 141, 136, 156, 116, 129, 135, 118, 125, 138, 140, 127, 133, 121, 116, 116, 122, 116, 123, 138, 124, 124, 142, 163]",80,100,99,93,100,81,26,74,2019-09-20,-0.09,-0.09,0.05,-240,25650
12,2940,2019-09-22T09:04:29-04:00,32669,2019-09-22T02:44:29-04:00,9869,15.5,5340,22800,87,"[63, 64, 65, 61, 66, 66, 61, 62, 61, 61, 60, 59, 57, 54, 54, 55, 59, 60, 58, 56, 58, 58, 56, 56, 55, 55, 52, 51, 50, 49, 48, 46, 47, 48, 54, 53, 0, 0, 52, 51, 52, 49, 49, 49, 54, 48, 49, 50, 52, 50, 46, 49, 47, 45, 47, 49, 52, 52, 47, 44, 44, 45, 49, 44, 47, 47, 47, 49, 50, 51, 48, 51, 49, 51, 48, 47, 0]",53.75,44,4444244221112222133221111122222222113322222222113422224422222222111111222224,1,12900,21689,11820,1080,0,1620,33,94,"[47, 47, 43, 55, 24, 28, 55, 33, 33, 28, 33, 38, 79, 106, 80, 68, 33, 36, 38, 75, 69, 71, 80, 82, 80, 85, 100, 116, 98, 106, 98, 100, 91, 96, 63, 67, 0, 0, 79, 76, 111, 114, 109, 107, 98, 109, 97, 106, 128, 119, 117, 107, 128, 98, 126, 109, 98, 88, 128, 142, 135, 139, 123, 123, 134, 130, 126, 110, 106, 102, 138, 102, 128, 104, 113, 128, 0]",60,19,90,76,88,91,21,51,2019-09-21,0.17,0.17,0.33,-240,19860
13,2040,2019-09-23T05:19:42-04:00,19182,2019-09-22T22:34:42-04:00,-5118,14.75,7440,24300,92,"[0, 0, 47, 47, 48, 49, 50, 50, 49, 50, 49, 49, 48, 48, 48, 48, 51, 0, 0, 49, 48, 48, 45, 45, 45, 46, 45, 45, 44, 41, 42, 43, 44, 42, 42, 42, 41, 42, 41, 40, 42, 44, 45, 44, 45, 45, 42, 42, 43, 43, 43, 43, 42, 44, 44, 0, 0, 0, 40, 39, 39, 42, 47, 47, 46, 42, 43, 48, 42, 41, 41, 41, 42, 43, 42, 43, 42, 0, 0, 0, 44, 46]",46.875,39,421111111111122331221222111222212222222112222221221121111222222222222222222144444,1,13920,6492,11610,420,0,900,30,111,"[0, 0, 76, 73, 75, 79, 76, 86, 86, 92, 104, 102, 106, 109, 81, 74, 59, 0, 0, 83, 92, 97, 112, 98, 93, 93, 95, 96, 121, 114, 118, 100, 97, 118, 107, 121, 142, 122, 122, 117, 129, 147, 144, 112, 116, 111, 113, 113, 107, 114, 112, 114, 122, 107, 122, 0, 0, 0, 152, 156, 124, 120, 116, 136, 128, 149, 141, 115, 140, 131, 131, 126, 95, 111, 117, 111, 137, 0, 0, 0, 164, 149]",74,100,98,95,97,78,12,60,2019-09-22,-0.14,-0.14,0.17,-240,22260
14,690,2019-09-24T04:54:19-04:00,17659,2019-09-24T00:01:19-04:00,79,16.0,6390,17580,96,"[0, 52, 51, 51, 52, 53, 54, 54, 55, 54, 55, 56, 57, 55, 60, 61, 60, 0, 53, 55, 55, 55, 55, 54, 55, 56, 51, 50, 0, 0, 0, 47, 49, 57, 54, 52, 51, 50, 51, 52, 52, 51, 50, 51, 51, 51, 51, 52, 51, 52, 51, 48, 47, 51, 51, 50, 54, 52, 51]",55.125,47,42111221121112333322111112221122223322222222111111222322244,1,8520,8839,8760,270,0,1980,28,66,"[0, 78, 81, 77, 69, 63, 59, 68, 57, 66, 49, 47, 47, 55, 36, 32, 41, 0, 67, 52, 46, 46, 64, 68, 57, 53, 81, 83, 0, 0, 0, 136, 79, 36, 63, 61, 69, 58, 69, 62, 65, 72, 62, 56, 62, 70, 64, 65, 72, 68, 85, 112, 142, 102, 56, 76, 36, 61, 72]",68,100,96,96,100,72,26,40,2019-09-23,0.19,0.19,0.18,-240,16890
15,1020,2019-09-25T03:53:58-05:00,14038,2019-09-24T23:58:58-05:00,-62,14.625,7740,14100,93,"[0, 0, 45, 45, 45, 45, 45, 45, 45, 45, 44, 44, 44, 44, 44, 42, 42, 44, 45, 45, 45, 46, 46, 43, 44, 52, 52, 51, 49, 47, 48, 47, 45, 46, 45, 45, 45, 43, 44, 44, 44, 44, 46, 44, 45, 49, 51, 0]",45.875,42,44111111111122221112112211132212211112221112244,1,5160,7018,7080,510,0,180,17,99,"[0, 0, 84, 75, 68, 70, 68, 71, 73, 74, 90, 92, 98, 107, 101, 97, 104, 74, 79, 104, 112, 106, 106, 153, 123, 66, 87, 79, 98, 105, 93, 105, 108, 108, 101, 105, 113, 108, 118, 126, 117, 122, 120, 120, 122, 103, 78, 0]",62,100,98,99,98,83,2,25,2019-09-24,-0.5,-0.5,0.0,-300,13080
16,4230,2019-09-26T08:04:15-05:00,29055,2019-09-25T22:36:15-05:00,-5025,15.875,8190,34080,88,"[0, 52, 52, 53, 53, 54, 54, 52, 53, 55, 54, 55, 59, 61, 57, 55, 55, 53, 54, 55, 55, 52, 53, 54, 54, 55, 54, 52, 59, 64, 58, 56, 57, 52, 50, 53, 53, 52, 50, 52, 51, 52, 52, 52, 52, 51, 48, 53, 56, 55, 55, 51, 51, 52, 51, 51, 51, 50, 51, 53, 53, 52, 52, 48, 50, 50, 50, 50, 50, 50, 49, 0, 0, 0, 52, 50, 48, 48, 48, 47, 48, 49, 50, 50, 50, 50, 50, 46, 48, 52, 48, 49, 48, 48, 48, 49, 49, 46, 46, 44, 44, 44, 46, 46, 49, 0, 0, 0, 0, 43, 43, 42, 43, 0]",54.25,42,421111112222232222211111111133222221122222111222322222222221111221111344444222222222222222222222222222224444442244,1,20340,10845,15870,330,0,1320,35,89,"[0, 66, 62, 64, 62, 58, 60, 85, 60, 53, 63, 53, 50, 36, 57, 59, 62, 84, 59, 57, 53, 82, 74, 73, 74, 71, 84, 83, 57, 32, 50, 53, 54, 72, 104, 71, 74, 93, 117, 101, 89, 80, 75, 82, 84, 103, 133, 83, 64, 60, 67, 95, 84, 83, 85, 90, 108, 120, 105, 103, 98, 105, 105, 103, 81, 89, 94, 92, 91, 101, 129, 0, 0, 0, 94, 119, 110, 115, 128, 113, 103, 95, 102, 87, 96, 98, 123, 112, 110, 89, 110, 100, 116, 107, 114, 109, 113, 134, 137, 140, 144, 111, 115, 125, 121, 0, 0, 0, 0, 143, 144, 150, 111, 0]",82,99,99,82,90,75,17,90,2019-09-25,0.03,0.03,0.06,-300,29850
17,8070,2019-09-27T07:17:57-06:00,26277,2019-09-26T21:36:57-06:00,-8583,14.5,5790,34860,77,"[0, 0, 69, 71, 70, 71, 72, 72, 71, 71, 69, 67, 68, 70, 68, 68, 66, 69, 70, 69, 68, 66, 63, 64, 63, 0, 0, 0, 0, 60, 59, 58, 58, 57, 57, 58, 58, 58, 57, 54, 55, 56, 55, 55, 57, 54, 56, 56, 57, 56, 57, 57, 57, 57, 56, 55, 56, 51, 52, 52, 0, 53, 49, 51, 55, 51, 52, 51, 50, 54, 54, 52, 51, 52, 54, 54, 55, 54, 56, 53, 52, 49, 52, 50, 0, 0, 0, 0, 0, 0, 0, 54, 54, 58, 56, 54, 52, 55, 56, 57, 58, 60, 55, 57, 58, 58, 52, 51, 53, 0, 52, 51, 52, 51, 50, 50, 48]",60.5,48,444333333444234443334444444442222222211222222221111111111221222222222222221111222224444444422222223311331123322223344,1,14850,10197,18780,750,0,6150,30,77,"[0, 0, 25, 18, 28, 19, 18, 16, 16, 36, 32, 39, 28, 21, 29, 41, 43, 23, 21, 23, 31, 37, 33, 40, 44, 0, 0, 0, 0, 59, 67, 81, 53, 67, 66, 55, 50, 52, 53, 85, 70, 53, 65, 80, 53, 85, 59, 52, 50, 58, 56, 47, 47, 60, 55, 64, 61, 93, 88, 73, 0, 97, 124, 107, 66, 110, 103, 144, 155, 108, 93, 115, 124, 118, 94, 101, 89, 104, 88, 97, 102, 124, 118, 118, 0, 0, 0, 0, 0, 0, 0, 80, 82, 55, 83, 76, 79, 106, 92, 77, 80, 60, 98, 76, 68, 75, 122, 93, 93, 0, 88, 104, 104, 104, 126, 166, 156]",82,100,95,72,65,94,84,78,2019-09-26,0.13,0.13,0.19,-360,26790
18,5100,2019-09-28T03:45:54-06:00,13554,2019-09-27T20:33:54-06:00,-12366,15.125,4770,25920,80,"[61, 62, 62, 59, 59, 58, 59, 61, 64, 63, 63, 63, 63, 60, 59, 62, 60, 59, 58, 56, 55, 56, 54, 54, 53, 51, 52, 52, 52, 52, 50, 56, 49, 52, 48, 47, 49, 50, 0, 0, 50, 53, 54, 55, 54, 53, 51, 53, 55, 54, 58, 60, 53, 54, 50, 50, 50, 50, 50, 51, 53, 54, 54, 54, 54, 56, 57, 55, 53, 53, 52, 50, 53, 53, 53, 54, 54, 53, 55, 54, 51, 55, 54, 48, 48, 50, 47]",56.375,47,444222111111233333223221122111123222244444444442224422222221112222222222222222222222244,1,14250,924,13290,960,0,1800,36,83,"[66, 74, 61, 57, 60, 67, 67, 49, 38, 39, 43, 36, 43, 79, 65, 36, 43, 58, 54, 64, 79, 84, 75, 77, 94, 93, 71, 78, 81, 79, 105, 68, 99, 98, 127, 123, 90, 124, 0, 0, 115, 91, 84, 87, 85, 81, 101, 109, 68, 77, 65, 56, 78, 88, 105, 99, 116, 103, 103, 92, 84, 77, 88, 99, 110, 87, 76, 88, 96, 88, 108, 99, 83, 91, 83, 71, 70, 86, 87, 95, 116, 98, 112, 111, 125, 122, 130]",69,100,81,83,72,97,23,55,2019-09-27,0.24,0.24,0.26,-360,20820
19,7350,2019-09-29T08:04:58-06:00,29098,2019-09-28T22:51:58-06:00,-4082,15.75,3210,33180,78,"[63, 0, 0, 0, 0, 0, 0, 0, 0, 0, 0, 0, 0, 0, 0, 0, 67, 72, 73, 75, 75, 75, 68, 69, 74, 75, 70, 69, 72, 73, 70, 73, 73, 72, 69, 69, 70, 69, 71, 0, 0, 0, 67, 68, 69, 70, 72, 68, 70, 71, 72, 72, 72, 70, 66, 67, 66, 68, 65, 67, 68, 69, 71, 72, 72, 70, 69, 65, 64, 66, 64, 63, 67, 66, 64, 65, 65, 63, 0, 0, 0, 0, 0, 68, 64, 64, 68, 67, 65, 67, 67, 68, 68, 68, 65, 65, 64, 66, 65, 64, 64, 65, 64, 66, 66, 66, 67, 0, 69, 0, 0]",72.125,63,224441111111113223333222224224223123244444222222223322222322333333422222222234444444222422233222223222223324444,1,16200,12208,16290,60,0,6420,21,33,"[46, 0, 0, 0, 0, 0, 0, 0, 0, 0, 0, 0, 0, 0, 0, 0, 40, 22, 15, 12, 14, 18, 29, 20, 12, 12, 34, 21, 12, 21, 30, 18, 19, 22, 32, 51, 30, 32, 19, 0, 0, 0, 30, 36, 23, 23, 18, 30, 18, 17, 17, 16, 17, 18, 48, 25, 40, 25, 42, 29, 32, 19, 15, 13, 13, 28, 47, 35, 60, 45, 75, 61, 26, 49, 51, 59, 55, 46, 0, 0, 0, 0, 0, 15, 32, 40, 24, 36, 48, 36, 31, 35, 24, 28, 45, 53, 54, 42, 55, 51, 45, 37, 58, 40, 37, 42, 39, 0, 25, 0, 0]",74,88,54,75,67,62,88,75,2019-09-28,0.5,0.5,0.57,-360,25830
20,4440,2019-10-01T08:15:24-06:00,29724,2019-10-01T00:14:24-06:00,864,15.5,6420,28860,85,"[0, 0, 52, 53, 56, 56, 59, 61, 62, 62, 62, 59, 59, 0, 0, 55, 56, 57, 58, 59, 58, 58, 59, 59, 59, 56, 59, 61, 60, 54, 55, 59, 58, 56, 55, 56, 54, 51, 53, 53, 55, 56, 57, 58, 59, 53, 0, 0, 53, 52, 52, 53, 54, 56, 54, 52, 53, 56, 61, 58, 0, 0, 0, 53, 51, 48, 48, 48, 49, 48, 49, 51, 51, 51, 50, 0, 46, 45, 43, 42, 42, 44, 44, 45, 0, 44, 44, 44, 45, 47, 46, 49, 0, 49, 50, 47, 0]",57.625,42,4222221111133332211111112221122222322212111112312222222221244444224422224444422222222222212142244,1,16140,14424,13560,420,0,1860,35,90,"[0, 0, 72, 51, 49, 47, 45, 40, 40, 42, 44, 61, 49, 0, 0, 71, 44, 47, 47, 43, 48, 49, 44, 50, 52, 84, 53, 47, 67, 66, 73, 81, 83, 93, 100, 83, 102, 122, 128, 98, 80, 80, 75, 65, 66, 102, 0, 0, 118, 114, 101, 104, 84, 59, 112, 115, 99, 86, 61, 67, 0, 0, 0, 134, 129, 106, 107, 114, 110, 94, 92, 101, 84, 105, 96, 0, 101, 116, 117, 155, 161, 144, 160, 163, 0, 139, 126, 141, 189, 174, 157, 182, 0, 123, 106, 96, 0]",69,69,96,66,83,78,24,69,2019-09-30,0.17,0.17,0.32,-360,24420
21,6690,2019-10-02T05:41:10-06:00,20470,2019-10-01T22:10:10-06:00,-6590,15.0,6180,27060,75,"[0, 58, 59, 60, 61, 62, 62, 62, 61, 60, 59, 62, 62, 63, 61, 61, 61, 62, 60, 60, 59, 57, 57, 49, 51, 52, 52, 50, 55, 56, 0, 48, 0, 50, 50, 47, 51, 0, 0, 0, 0, 0, 53, 54, 54, 52, 53, 0, 0, 0, 0, 0, 54, 58, 55, 58, 50, 49, 48, 48, 48, 49, 48, 51, 53, 50, 49, 51, 54, 55, 55, 55, 46, 48, 49, 50, 44, 46, 47, 48, 45, 48, 47, 49, 51, 52, 52, 53, 50, 0, 48]",59.75,44,4422111111123333311111112212444442224444444222244222424422222222222221112222222122122242244,1,12960,7210,13800,600,0,1230,22,92,"[0, 73, 70, 55, 57, 56, 50, 47, 57, 54, 70, 49, 44, 41, 51, 51, 48, 43, 52, 51, 63, 65, 71, 133, 96, 86, 87, 105, 89, 86, 0, 129, 0, 85, 100, 138, 131, 0, 0, 0, 0, 0, 84, 81, 80, 77, 98, 0, 0, 0, 0, 0, 61, 60, 99, 61, 90, 115, 108, 110, 108, 103, 116, 107, 112, 140, 117, 103, 81, 70, 72, 70, 139, 122, 114, 109, 128, 134, 131, 134, 160, 152, 162, 113, 122, 110, 104, 82, 122, 0, 107]",65,100,96,68,62,86,16,53,2019-10-01,0.0,0.0,0.21,-360,20370
22,1110,2019-10-03T06:11:52-06:00,22312,2019-10-02T22:26:52-06:00,-5588,14.5,10560,27900,96,"[0, 46, 49, 49, 48, 49, 49, 49, 50, 50, 49, 54, 51, 49, 48, 50, 51, 48, 50, 50, 49, 48, 47, 48, 45, 46, 48, 50, 52, 47, 47, 47, 47, 51, 50, 52, 51, 51, 52, 51, 52, 51, 52, 51, 51, 50, 45, 45, 48, 48, 48, 49, 48, 49, 47, 44, 46, 46, 46, 48, 42, 42, 41, 43, 45, 47, 47, 47, 48, 50, 47, 46, 48, 48, 46, 47, 48, 50, 49, 48, 52, 50, 49, 43, 44, 44, 45, 45, 45, 45, 44, 46, 45, 48]",49.25,41,411111111111221111111221221132223311111113111222222224223222222221123322322233223332222223314,1,12960,8152,13740,180,0,3270,19,113,"[0, 94, 82, 89, 95, 73, 76, 74, 74, 80, 81, 68, 83, 90, 94, 83, 91, 107, 101, 96, 107, 121, 106, 103, 132, 130, 105, 109, 109, 137, 126, 130, 153, 82, 75, 72, 83, 80, 75, 78, 74, 80, 77, 85, 87, 96, 115, 117, 80, 107, 99, 89, 129, 132, 148, 194, 156, 162, 154, 118, 143, 138, 139, 144, 120, 109, 111, 122, 113, 125, 129, 126, 91, 134, 151, 131, 131, 123, 135, 140, 109, 154, 176, 193, 141, 163, 159, 160, 155, 158, 174, 167, 153, 130]",82,100,100,88,100,67,44,78,2019-10-02,-0.11,-0.11,0.08,-360,26790
23,4860,2019-10-04T06:04:09-06:00,21849,2019-10-03T21:40:09-06:00,-8391,14.625,8370,30240,84,"[0, 58, 55, 58, 58, 58, 58, 57, 55, 55, 56, 56, 56, 58, 58, 49, 52, 53, 50, 51, 50, 52, 53, 52, 53, 48, 45, 46, 46, 47, 50, 53, 46, 46, 48, 48, 48, 46, 46, 48, 49, 52, 50, 49, 50, 49, 49, 50, 51, 53, 53, 52, 52, 52, 51, 49, 45, 43, 43, 46, 42, 46, 48, 46, 46, 49, 49, 49, 46, 43, 45, 47, 49, 49, 47, 47, 48, 50, 52, 52, 52, 53, 53, 0, 43, 45, 48, 46, 48, 47, 46, 48, 49, 46, 49, 50, 50, 0, 54, 58, 57]",51.625,42,44221111111113322424442222222224421111221122222231111111332222222112222333322111133422222233332344444,1,12240,6639,15030,600,0,4770,21,92,"[0, 40, 57, 48, 40, 47, 44, 48, 62, 66, 49, 48, 58, 55, 53, 99, 92, 85, 57, 72, 74, 79, 66, 68, 62, 89, 101, 110, 106, 104, 102, 75, 98, 89, 87, 85, 89, 115, 109, 86, 86, 85, 106, 103, 117, 102, 95, 89, 73, 66, 67, 72, 78, 73, 79, 104, 129, 196, 152, 131, 129, 132, 110, 145, 117, 95, 101, 104, 128, 132, 105, 122, 90, 110, 137, 120, 121, 105, 83, 90, 93, 83, 87, 0, 123, 94, 85, 96, 93, 126, 94, 111, 85, 114, 108, 79, 123, 0, 101, 86, 71]",81,100,99,80,81,86,65,73,2019-10-03,0.07,0.07,0.11,-360,25380
24,4200,2019-10-05T10:03:31-06:00,36211,2019-10-05T01:04:31-06:00,3871,14.375,6150,32340,87,"[0, 62, 64, 65, 66, 67, 67, 68, 68, 68, 68, 68, 65, 57, 57, 60, 61, 58, 58, 58, 59, 60, 60, 58, 60, 60, 59, 0, 53, 0, 0, 53, 54, 53, 52, 54, 59, 58, 56, 53, 54, 50, 47, 48, 0, 45, 47, 48, 51, 51, 53, 50, 47, 0, 0, 0, 0, 47, 0, 0, 49, 0, 0, 0, 0, 0, 0, 0, 0, 0, 0, 56, 0, 43, 0, 0, 0, 0, 0, 0, 0, 0, 0, 0, 0, 0, 51, 55, 56, 60, 62, 63, 63, 65, 65, 65, 54, 53, 58, 61, 56, 57, 55, 56, 56, 59, 58, 63]",60.5,43,421111111124421322333331111222211123222242212221111223333333342333333222222333224444422222221222223333234434,1,13080,19441,15570,270,0,8910,25,81,"[0, 34, 26, 28, 24, 17, 18, 18, 17, 17, 17, 16, 41, 56, 55, 42, 33, 51, 52, 47, 33, 30, 37, 45, 34, 34, 37, 0, 125, 0, 0, 140, 119, 148, 124, 119, 71, 86, 108, 143, 110, 132, 173, 152, 0, 134, 127, 128, 119, 106, 95, 117, 123, 0, 0, 0, 0, 166, 0, 0, 154, 0, 0, 0, 0, 0, 0, 0, 0, 0, 0, 94, 0, 211, 0, 0, 0, 0, 0, 0, 0, 0, 0, 0, 0, 0, 180, 126, 103, 67, 52, 52, 53, 38, 36, 32, 151, 107, 63, 39, 93, 73, 94, 88, 86, 79, 103, 48]",79,28,96,78,88,72,100,83,2019-10-04,-0.42,-0.42,-0.23,-360,28140
25,2160,2019-10-06T07:06:48-06:00,25608,2019-10-05T23:13:48-06:00,-2772,15.875,7380,28380,92,"[0, 57, 59, 59, 56, 53, 55, 56, 57, 59, 59, 59, 60, 58, 58, 60, 59, 60, 59, 57, 56, 59, 61, 60, 56, 55, 56, 56, 55, 54, 52, 56, 55, 55, 53, 52, 50, 51, 54, 55, 55, 54, 54, 54, 50, 47, 47, 45, 47, 47, 48, 51, 47, 48, 50, 48, 48, 49, 46, 49, 48, 48, 49, 50, 46, 45, 45, 46, 47, 47, 47, 49, 51, 44, 46, 46, 47, 49, 51, 52, 52, 52, 51, 48, 46, 46, 43, 44, 49, 47, 45, 46, 46, 47, 48]",52.25,43,44442221111111333342111122123223322221111111222222222222122221122222122222222113323222222222244,1,16170,11748,14520,1080,1,2670,24,95,"[0, 67, 53, 63, 60, 62, 61, 59, 54, 48, 39, 46, 40, 51, 49, 42, 40, 41, 50, 80, 71, 74, 59, 61, 72, 57, 54, 53, 72, 78, 73, 50, 74, 69, 65, 78, 94, 87, 91, 100, 90, 95, 103, 107, 104, 106, 98, 100, 93, 104, 106, 100, 131, 129, 125, 114, 120, 131, 103, 91, 127, 145, 152, 152, 175, 136, 119, 119, 124, 116, 116, 117, 129, 148, 129, 141, 123, 112, 96, 98, 97, 95, 89, 98, 120, 126, 137, 143, 164, 127, 129, 160, 187, 196, 156]",80,92,98,77,97,91,36,76,2019-10-05,0.06,0.06,-0.12,-360,26220
26,4410,2019-10-07T06:40:10-06:00,24010,2019-10-06T20:15:10-06:00,-13490,15.5,3420,37500,88,"[0, 0, 58, 57, 58, 61, 63, 65, 66, 68, 69, 70, 72, 67, 66, 67, 0, 0, 69, 65, 67, 66, 68, 67, 65, 65, 65, 67, 67, 65, 65, 64, 64, 68, 70, 66, 67, 63, 61, 62, 63, 58, 60, 61, 60, 63, 60, 62, 60, 61, 61, 0, 61, 64, 59, 60, 61, 60, 64, 65, 66, 64, 66, 66, 59, 54, 55, 55, 58, 0, 0, 0, 53, 54, 52, 53, 54, 54, 55, 54, 54, 54, 55, 55, 51, 54, 54, 56, 57, 0, 57, 58, 0, 0, 0, 0, 0, 53, 55, 56, 0, 50, 50, 50, 51, 52, 53, 49, 0, 0, 0, 0, 0, 0, 0, 48, 49, 0, 0, 0, 0, 0, 58, 0, 0, 0]",64.375,48,44222111111113333332222224231222223322222222222222123333223333332222244444222222222222222221333332222222222233332333332242244,1,20310,5200,18690,690,0,9360,30,54,"[0, 0, 42, 45, 46, 40, 34, 28, 35, 21, 18, 18, 15, 38, 35, 31, 0, 0, 77, 48, 33, 29, 25, 37, 33, 30, 50, 33, 39, 47, 33, 41, 41, 20, 32, 36, 28, 48, 41, 31, 27, 73, 54, 53, 53, 31, 69, 44, 70, 56, 60, 0, 42, 31, 59, 53, 55, 55, 29, 34, 30, 29, 23, 26, 75, 91, 75, 85, 58, 0, 0, 0, 83, 61, 70, 68, 59, 62, 57, 58, 49, 81, 54, 76, 91, 102, 104, 83, 103, 0, 72, 81, 0, 0, 0, 0, 0, 74, 79, 71, 0, 97, 92, 88, 64, 94, 55, 102, 0, 0, 0, 0, 0, 0, 0, 169, 140, 0, 0, 0, 0, 0, 78, 0, 0, 0]",90,100,57,74,90,91,100,100,2019-10-06,0.39,0.39,0.19,-360,33090
27,4350,2019-10-08T07:05:16-06:00,25516,2019-10-07T22:45:16-06:00,-4484,14.375,3840,30000,86,"[0, 0, 59, 60, 63, 66, 67, 66, 67, 67, 68, 72, 71, 68, 0, 69, 71, 71, 70, 72, 71, 65, 64, 65, 66, 66, 67, 63, 63, 67, 65, 62, 65, 60, 60, 61, 61, 60, 60, 57, 58, 60, 62, 61, 60, 66, 62, 62, 63, 64, 64, 55, 58, 60, 61, 60, 61, 61, 58, 56, 56, 59, 60, 61, 55, 59, 63, 61, 53, 0, 56, 55, 56, 56, 52, 51, 50, 53, 55, 55, 55, 53, 54, 54, 52, 53, 57, 56, 60, 56, 54, 54, 55, 51, 53, 55, 57, 56, 50, 54, 0]",61.625,50,4442221133333323333122222222233332222222211244222222222123222224444244222222221112222223333222211224,1,16470,10546,15030,930,0,5340,29,58,"[0, 0, 46, 70, 39, 28, 24, 31, 29, 33, 19, 13, 19, 20, 0, 15, 21, 16, 20, 16, 17, 47, 29, 43, 26, 26, 24, 35, 33, 18, 22, 43, 32, 51, 40, 47, 55, 56, 54, 89, 59, 50, 43, 66, 78, 39, 44, 38, 36, 30, 39, 88, 63, 64, 54, 57, 49, 52, 78, 84, 67, 48, 52, 61, 100, 66, 85, 52, 91, 0, 99, 102, 96, 93, 127, 148, 131, 98, 86, 91, 91, 97, 83, 79, 120, 107, 72, 79, 70, 83, 88, 84, 84, 131, 102, 87, 79, 95, 141, 109, 0]",79,100,64,72,86,97,73,74,2019-10-07,0.26,0.26,0.34,-360,25650
28,6090,2019-10-09T08:33:55-06:00,30835,2019-10-08T22:14:55-06:00,-6305,14.75,4410,37140,84,"[0, 69, 71, 67, 68, 69, 70, 70, 71, 70, 71, 70, 70, 69, 70, 65, 66, 70, 66, 63, 62, 63, 63, 64, 65, 65, 60, 62, 63, 62, 57, 58, 60, 60, 56, 58, 57, 60, 59, 57, 57, 55, 59, 59, 60, 60, 58, 59, 56, 57, 57, 57, 58, 58, 59, 53, 55, 55, 57, 55, 57, 54, 51, 51, 52, 53, 55, 52, 52, 53, 56, 57, 58, 53, 53, 57, 57, 58, 54, 55, 53, 56, 52, 56, 52, 56, 56, 55, 54, 52, 57, 0, 0, 57, 56, 56, 54, 57, 54, 52, 52, 48, 53, 0, 0, 0, 0, 0, 0, 50, 56, 53, 52, 52, 54, 56, 53, 53, 0, 60, 0, 65, 0, 54]",58.43,48,4444443331111144233222111222112222222334233332222222111222222222222222222222122222223222224442222222223333333223222333444444,1,20280,11995,18300,1620,0,6360,38,65,"[0, 32, 24, 39, 24, 20, 16, 19, 17, 18, 19, 21, 20, 20, 24, 40, 26, 15, 30, 32, 45, 28, 29, 28, 24, 50, 61, 41, 36, 40, 63, 47, 49, 49, 83, 59, 57, 43, 39, 44, 80, 64, 59, 67, 61, 63, 53, 62, 73, 80, 76, 77, 77, 73, 69, 121, 93, 84, 65, 73, 64, 83, 94, 112, 106, 83, 92, 98, 98, 108, 67, 67, 72, 111, 102, 71, 73, 85, 97, 85, 90, 64, 95, 70, 127, 94, 84, 96, 101, 108, 81, 0, 0, 67, 77, 64, 67, 53, 57, 84, 115, 124, 92, 0, 0, 0, 0, 0, 0, 107, 57, 88, 88, 87, 79, 68, 102, 106, 0, 89, 0, 55, 0, 104]",83,90,74,65,81,67,87,95,2019-10-08,0.08,0.08,0.24,-360,31050
29,4440,2019-10-10T07:26:37-06:00,26797,2019-10-09T22:29:37-06:00,-5423,14.75,3840,32220,86,"[0, 63, 60, 58, 59, 60, 62, 61, 63, 63, 64, 65, 64, 62, 63, 65, 65, 65, 61, 64, 64, 62, 63, 63, 63, 63, 64, 64, 59, 59, 61, 0, 0, 56, 54, 54, 55, 57, 59, 60, 55, 62, 62, 58, 61, 60, 58, 57, 58, 56, 60, 60, 59, 59, 54, 53, 55, 51, 52, 55, 56, 57, 0, 56, 57, 57, 53, 58, 0, 0, 0, 63, 57, 56, 54, 54, 55, 59, 60, 55, 57, 59, 60, 60, 59, 60, 59, 62, 58, 57, 56, 57, 54, 56, 58, 61, 56, 59, 61, 57, 52, 54, 54, 57, 59, 53, 62, 63]",58.8,51,422221211111313332212223334444444222223333332222232222222222211222444422222222222222223222322222212222222244,1,18510,10777,16200,420,1,5430,34,66,"[0, 36, 57, 72, 61, 64, 44, 45, 42, 42, 36, 39, 43, 59, 52, 42, 30, 33, 38, 29, 26, 47, 30, 35, 33, 26, 27, 33, 65, 67, 46, 0, 0, 94, 105, 100, 78, 74, 52, 61, 70, 38, 33, 51, 60, 49, 52, 63, 70, 64, 54, 53, 57, 51, 96, 111, 84, 102, 106, 69, 63, 54, 0, 64, 59, 96, 99, 71, 0, 0, 0, 43, 81, 62, 91, 103, 124, 88, 85, 82, 80, 63, 65, 69, 72, 77, 101, 74, 104, 93, 91, 78, 107, 69, 60, 42, 74, 50, 40, 116, 130, 102, 139, 123, 108, 138, 51, 75]",81,100,64,83,86,78,74,82,2019-10-09,0.0,0.0,0.13,-360,27780
30,4680,2019-10-11T07:17:12-06:00,26232,2019-10-10T21:33:12-06:00,-8808,14.375,6090,35040,87,"[61, 63, 63, 63, 64, 63, 64, 66, 64, 64, 66, 66, 65, 65, 58, 61, 61, 67, 65, 64, 66, 60, 63, 64, 64, 61, 58, 59, 55, 58, 59, 60, 60, 57, 56, 59, 60, 57, 55, 56, 54, 55, 55, 52, 54, 56, 57, 58, 58, 58, 59, 48, 51, 53, 0, 53, 54, 54, 54, 54, 0, 54, 56, 57, 56, 50, 0, 50, 50, 46, 48, 45, 48, 54, 53, 53, 52, 56, 0, 51, 47, 48, 49, 51, 51, 50, 49, 49, 50, 47, 47, 46, 44, 51, 51, 50, 0, 0, 0, 0, 0, 0, 49, 49, 48, 51, 52, 50, 53, 52, 42, 44, 49, 48, 46, 44, 47]",54.95,42,444421111111122333334211122222131233332222222111112233332244422224422224422234222222222222222333333332222222122222224,1,17490,8862,17670,1110,0,6780,36,80,"[51, 33, 52, 52, 41, 42, 43, 38, 45, 40, 34, 35, 37, 36, 68, 47, 54, 15, 33, 28, 20, 54, 43, 41, 39, 70, 54, 45, 69, 42, 43, 35, 33, 71, 60, 37, 50, 58, 84, 87, 82, 81, 81, 91, 86, 76, 74, 65, 64, 68, 63, 127, 78, 49, 0, 77, 93, 52, 76, 89, 0, 105, 82, 69, 95, 117, 0, 127, 126, 139, 116, 91, 148, 96, 91, 88, 100, 73, 0, 111, 109, 121, 117, 96, 103, 107, 140, 117, 110, 152, 165, 145, 136, 95, 97, 120, 0, 0, 0, 0, 0, 0, 124, 105, 111, 105, 101, 112, 81, 97, 180, 137, 112, 129, 156, 161, 145]",89,100,96,70,88,89,93,92,2019-10-10,0.08,0.08,0.09,-360,30360
31,4440,2019-10-12T07:14:47-06:00,26087,2019-10-11T21:58:47-06:00,-7273,14.5,5640,33360,87,"[0, 55, 0, 0, 59, 58, 60, 60, 61, 61, 62, 62, 64, 57, 59, 59, 58, 61, 60, 62, 64, 65, 65, 65, 57, 56, 59, 60, 62, 62, 62, 61, 66, 66, 65, 62, 59, 60, 60, 60, 54, 0, 56, 56, 57, 55, 58, 56, 0, 0, 56, 52, 52, 51, 51, 49, 51, 54, 55, 53, 54, 52, 53, 50, 52, 56, 55, 54, 53, 52, 51, 50, 50, 52, 53, 54, 56, 56, 55, 56, 56, 55, 0, 53, 53, 51, 49, 51, 0, 55, 54, 53, 55, 51, 56, 56, 53, 57, 0, 0, 0, 0, 0, 53, 53, 50, 52, 0, 62, 62, 68, 0]",56.62,49,4442111111112222332311122233333333322232222222444422221221122222232222222121111313333333222222222233333222444444,1,16230,9137,16410,990,0,7050,30,70,"[0, 118, 0, 0, 69, 79, 57, 49, 47, 44, 41, 40, 34, 71, 46, 52, 50, 32, 40, 25, 22, 21, 21, 21, 70, 70, 53, 38, 28, 28, 37, 42, 28, 34, 23, 38, 53, 37, 35, 36, 101, 0, 69, 75, 80, 93, 60, 115, 0, 0, 51, 61, 86, 82, 133, 115, 101, 72, 77, 117, 92, 90, 82, 100, 83, 48, 64, 61, 78, 89, 84, 119, 110, 97, 92, 103, 80, 77, 102, 91, 98, 97, 0, 73, 59, 101, 109, 127, 0, 80, 89, 97, 94, 127, 74, 79, 87, 66, 0, 0, 0, 0, 0, 122, 105, 139, 126, 0, 34, 49, 32, 0]",86,100,95,54,88,94,95,87,2019-10-11,0.0,0.0,0.07,-360,28920
32,5250,2019-10-13T07:38:48-06:00,27528,2019-10-12T21:59:48-06:00,-7212,15.125,2820,34740,85,"[0, 0, 84, 84, 84, 80, 77, 81, 0, 0, 78, 77, 77, 72, 72, 73, 73, 72, 72, 71, 71, 68, 68, 66, 66, 63, 64, 0, 0, 0, 0, 0, 65, 66, 67, 66, 65, 56, 56, 59, 60, 60, 58, 60, 0, 0, 62, 60, 0, 0, 0, 0, 0, 0, 50, 53, 54, 0, 53, 0, 0, 57, 57, 55, 56, 57, 57, 58, 60, 60, 61, 61, 58, 58, 55, 57, 58, 59, 56, 57, 55, 55, 58, 55, 56, 56, 53, 54, 57, 57, 55, 53, 57, 53, 51, 53, 54, 55, 52, 50, 0, 57, 0, 51, 55, 51, 51, 52, 55, 54, 47, 50, 50, 52, 0, 0]",60.59,47,44411444331114223333323333311331333222223323442222223142224442222222222222222322223322223322222222223332222223222234,1,18450,11238,18450,1020,0,8220,30,61,"[0, 0, 13, 14, 13, 17, 20, 37, 0, 0, 43, 38, 31, 30, 18, 16, 15, 15, 15, 15, 17, 37, 16, 21, 28, 39, 24, 0, 0, 0, 0, 0, 34, 30, 25, 25, 30, 53, 46, 33, 30, 33, 36, 32, 0, 0, 34, 56, 0, 0, 0, 0, 0, 0, 114, 105, 91, 0, 93, 0, 0, 67, 75, 88, 65, 59, 76, 63, 47, 43, 40, 47, 73, 57, 71, 55, 61, 60, 72, 69, 68, 79, 56, 90, 101, 92, 107, 86, 72, 69, 96, 85, 54, 97, 93, 100, 80, 79, 105, 102, 0, 38, 0, 107, 71, 97, 88, 84, 74, 73, 129, 125, 120, 108, 0, 0]",83,96,47,67,83,94,98,89,2019-10-12,0.1,0.1,0.1,-360,29490
33,6660,2019-10-14T07:36:47-06:00,27407,2019-10-13T21:21:47-06:00,-9493,14.875,4650,36900,82,"[0, 72, 74, 72, 62, 62, 63, 63, 62, 64, 66, 67, 67, 67, 68, 65, 63, 64, 66, 66, 67, 62, 67, 70, 72, 68, 68, 68, 66, 68, 64, 63, 63, 0, 65, 65, 59, 58, 59, 59, 62, 52, 53, 54, 52, 54, 55, 56, 56, 55, 54, 53, 55, 56, 55, 56, 56, 54, 51, 54, 45, 49, 50, 51, 47, 0, 0, 0, 47, 48, 49, 50, 0, 0, 45, 50, 51, 47, 47, 49, 50, 48, 48, 51, 52, 51, 43, 45, 48, 51, 50, 51, 0, 0, 0, 0, 46, 49, 0, 49, 49, 46, 48, 52, 0, 0, 0, 53, 54, 55, 47, 45, 44, 46, 46, 47, 48, 50, 49, 54, 54, 54, 52, 55]",55.8,43,433123332311111321333443344424224444222222222221112222222222222133332221122222222221122223333333222222444442222244422222224,1,19080,8597,18090,390,0,6510,32,87,"[0, 37, 28, 25, 40, 42, 36, 30, 40, 33, 26, 26, 28, 24, 23, 49, 49, 45, 61, 55, 43, 42, 44, 17, 17, 21, 18, 27, 27, 19, 40, 43, 42, 0, 35, 39, 61, 61, 57, 62, 49, 76, 74, 77, 72, 74, 62, 55, 62, 65, 74, 71, 68, 60, 61, 66, 59, 89, 111, 86, 163, 141, 136, 130, 143, 0, 0, 0, 98, 119, 98, 100, 0, 0, 129, 111, 133, 170, 139, 115, 119, 129, 109, 100, 88, 98, 138, 127, 131, 112, 115, 129, 0, 0, 0, 0, 140, 122, 0, 164, 144, 170, 158, 134, 0, 0, 0, 105, 90, 95, 133, 141, 152, 145, 150, 152, 162, 159, 162, 115, 159, 140, 151, 114]",85,100,79,71,76,78,89,92,2019-10-13,0.52,0.52,0.3,-360,30240
34,2970,2019-10-15T06:05:55-06:00,21955,2019-10-14T21:32:55-06:00,-8825,14.5,7380,30780,90,"[0, 50, 53, 54, 54, 55, 54, 0, 54, 55, 56, 56, 56, 58, 0, 58, 56, 58, 57, 56, 59, 55, 52, 54, 55, 56, 54, 54, 54, 53, 54, 51, 49, 48, 48, 44, 46, 46, 48, 50, 51, 51, 52, 57, 56, 48, 49, 48, 50, 52, 49, 48, 49, 50, 46, 47, 45, 45, 47, 48, 49, 48, 46, 45, 45, 47, 46, 46, 44, 46, 49, 49, 45, 46, 47, 0, 43, 46, 49, 47, 46, 47, 46, 46, 48, 49, 51, 52, 53, 54, 54, 43, 41, 45, 44, 45, 43, 43, 45, 47, 45, 48, 50]",49.76,41,4424424442211111111132221122212222122211111332223122222222112222211122422332222222222222232222233333334,1,16950,7405,16230,2820,0,3480,36,120,"[0, 109, 107, 118, 92, 93, 116, 0, 80, 71, 70, 64, 58, 56, 0, 55, 58, 48, 53, 64, 49, 77, 74, 72, 58, 56, 92, 85, 93, 88, 72, 163, 166, 157, 164, 157, 134, 142, 117, 107, 101, 106, 96, 73, 83, 140, 112, 127, 127, 111, 132, 133, 117, 111, 141, 121, 142, 149, 152, 132, 131, 131, 153, 156, 144, 139, 169, 152, 174, 154, 144, 196, 180, 159, 142, 0, 151, 155, 135, 147, 147, 142, 158, 154, 123, 119, 101, 106, 94, 83, 94, 165, 168, 146, 155, 160, 179, 164, 160, 125, 184, 171, 163]",77,100,98,84,95,21,47,82,2019-10-14,0.03,0.03,0.3,-360,27810
35,4140,2019-10-16T07:42:43-06:00,27763,2019-10-15T23:01:43-06:00,-3497,15.25,7830,31260,87,"[0, 0, 0, 55, 56, 58, 59, 61, 63, 58, 56, 58, 59, 61, 59, 57, 59, 64, 64, 61, 59, 62, 62, 63, 62, 59, 58, 60, 62, 62, 62, 61, 52, 53, 55, 58, 56, 54, 59, 55, 57, 56, 53, 54, 57, 56, 54, 53, 53, 52, 57, 57, 55, 55, 0, 50, 52, 53, 53, 47, 48, 50, 51, 53, 0, 0, 0, 49, 48, 51, 54, 47, 48, 47, 48, 49, 50, 49, 46, 0, 51, 53, 54, 54, 50, 0, 0, 0, 0, 46, 44, 43, 44, 44, 44, 46, 51, 54, 59, 48, 46, 52, 0, 51, 0]",54.15,43,444111111221111223322211122111122223222212211122221224444422221133322222222222221111334432222222232224444,1,15660,11713,15210,750,0,3630,34,106,"[0, 0, 0, 80, 82, 70, 58, 51, 43, 114, 98, 69, 70, 61, 76, 99, 71, 26, 34, 63, 73, 47, 42, 43, 44, 99, 69, 57, 48, 51, 47, 62, 116, 95, 88, 68, 99, 96, 74, 103, 84, 97, 97, 79, 66, 71, 98, 135, 155, 146, 131, 108, 100, 147, 0, 144, 145, 86, 120, 155, 139, 116, 103, 84, 0, 0, 0, 124, 179, 161, 171, 179, 168, 126, 132, 135, 115, 133, 169, 0, 128, 127, 121, 128, 171, 0, 0, 0, 0, 145, 246, 243, 227, 211, 211, 217, 171, 159, 123, 191, 178, 126, 0, 151, 0]",81,92,98,76,88,94,49,79,2019-10-15,0.34,0.34,0.32,-360,27120
36,6420,2019-10-17T08:27:11-06:00,30431,2019-10-16T22:49:11-06:00,-4249,15.375,4500,34680,81,"[0, 0, 0, 0, 62, 64, 66, 66, 66, 66, 66, 66, 67, 67, 67, 0, 60, 64, 65, 61, 61, 61, 61, 0, 0, 0, 0, 0, 0, 56, 56, 54, 52, 51, 53, 53, 54, 55, 56, 55, 53, 0, 59, 58, 55, 54, 55, 54, 55, 55, 0, 56, 57, 51, 53, 0, 52, 52, 51, 53, 55, 55, 56, 53, 49, 50, 53, 56, 52, 0, 0, 44, 44, 0, 51, 0, 55, 0, 0, 0, 0, 52, 49, 49, 50, 51, 52, 0, 0, 0, 0, 54, 0, 51, 52, 0, 52, 0, 0, 51, 53, 54, 53, 54, 55, 56, 57, 57, 57, 0, 0, 0, 49, 0, 0, 0]",55.69,44,44422222222211122222244444442222222222113322222223112222223222222223312224442444422222333333222332223121111133333444,1,18030,13631,17880,990,0,5730,34,87,"[0, 0, 0, 0, 66, 47, 40, 36, 34, 35, 28, 35, 32, 30, 34, 0, 62, 38, 31, 54, 53, 74, 46, 0, 0, 0, 0, 0, 0, 66, 80, 101, 130, 131, 97, 96, 112, 118, 104, 107, 128, 0, 54, 82, 104, 103, 98, 84, 102, 105, 0, 106, 103, 82, 71, 0, 128, 128, 112, 79, 84, 82, 81, 105, 107, 96, 74, 84, 103, 0, 0, 144, 140, 0, 113, 0, 58, 0, 0, 0, 0, 161, 171, 143, 139, 147, 131, 0, 0, 0, 0, 91, 0, 124, 101, 0, 90, 0, 0, 102, 86, 85, 106, 102, 92, 79, 75, 75, 73, 0, 0, 0, 139, 0, 0, 0]",79,76,75,63,74,94,78,84,2019-10-16,0.0,0.0,0.21,-360,28260
37,3930,2019-10-18T07:56:59-06:00,28619,2019-10-17T22:43:59-06:00,-4561,15.375,8040,33180,88,"[0, 0, 47, 48, 47, 48, 51, 52, 54, 55, 52, 53, 54, 56, 52, 54, 56, 61, 61, 58, 61, 52, 53, 53, 53, 50, 48, 50, 50, 50, 50, 51, 52, 0, 49, 0, 0, 0, 0, 0, 0, 52, 53, 53, 52, 53, 53, 52, 52, 54, 56, 0, 0, 52, 54, 56, 0, 49, 50, 44, 46, 49, 0, 0, 0, 0, 49, 50, 50, 50, 52, 49, 49, 52, 0, 0, 52, 53, 53, 49, 46, 44, 42, 43, 44, 47, 49, 50, 51, 46, 49, 48, 48, 49, 49, 50, 56, 46, 48, 46, 47, 49, 51, 55, 45, 44, 46, 45, 47, 49, 47]",50.48,42,421121111122222124422222221111111213111333333333314422222222211312222222444222222222221122222233222222232223144,1,16530,12179,16740,420,0,4680,38,144,"[0, 0, 134, 134, 136, 133, 117, 107, 95, 102, 124, 107, 110, 94, 87, 98, 89, 75, 76, 82, 57, 113, 108, 138, 124, 143, 166, 175, 149, 150, 153, 146, 150, 0, 179, 0, 0, 0, 0, 0, 0, 138, 152, 162, 165, 160, 145, 132, 115, 112, 115, 0, 0, 119, 113, 102, 0, 115, 130, 155, 158, 127, 0, 0, 0, 0, 126, 156, 127, 190, 163, 168, 164, 180, 0, 0, 148, 111, 120, 121, 147, 133, 162, 162, 155, 143, 144, 142, 149, 173, 169, 177, 179, 160, 164, 148, 148, 201, 173, 157, 154, 153, 158, 137, 175, 208, 159, 168, 154, 161, 177]",81,88,99,53,90,78,63,88,2019-10-17,0.0,0.0,0.14,-360,29250
38,2970,2019-10-19T06:15:49-06:00,22549,2019-10-18T22:46:49-06:00,-4391,16.25,5130,26940,89,"[0, 0, 0, 63, 63, 64, 64, 64, 64, 64, 63, 56, 58, 56, 61, 62, 59, 58, 58, 57, 60, 57, 57, 56, 56, 59, 60, 61, 60, 56, 53, 54, 54, 56, 57, 53, 51, 49, 51, 52, 54, 54, 53, 53, 53, 54, 54, 53, 54, 54, 56, 56, 56, 57, 54, 54, 57, 55, 56, 57, 57, 58, 59, 57, 51, 54, 56, 50, 52, 50, 56, 57, 56, 55, 51, 56, 54, 53, 54, 56, 58, 57, 60, 57, 56, 59, 62, 65, 68, 0]",56.67,49,444421111112222112222222211113222222242211222222233333222222112223222222223333333312333444,1,13590,9229,13620,1230,0,5250,34,74,"[0, 0, 0, 54, 50, 38, 39, 36, 38, 37, 47, 91, 76, 92, 55, 51, 81, 77, 65, 77, 54, 61, 59, 74, 96, 50, 52, 43, 64, 89, 126, 95, 97, 76, 61, 135, 145, 163, 102, 101, 80, 81, 76, 102, 81, 55, 59, 84, 60, 70, 83, 53, 75, 80, 86, 99, 83, 81, 64, 61, 59, 49, 51, 76, 111, 73, 67, 132, 141, 86, 70, 56, 79, 89, 91, 57, 98, 84, 81, 76, 90, 98, 82, 97, 92, 64, 55, 82, 68, 0]",78,100,87,72,93,83,72,67,2019-10-18,0.33,0.33,0.21,-360,23970
39,3360,2019-10-20T07:51:44-06:00,28304,2019-10-20T00:50:44-06:00,3044,15.125,6870,25260,87,"[0, 58, 58, 60, 59, 60, 62, 61, 61, 62, 62, 64, 62, 63, 62, 60, 54, 55, 54, 58, 54, 57, 57, 58, 59, 52, 55, 53, 56, 57, 56, 58, 59, 54, 52, 53, 53, 52, 54, 56, 55, 56, 56, 57, 58, 56, 53, 56, 55, 50, 55, 53, 52, 48, 52, 0, 54, 55, 50, 53, 54, 55, 55, 55, 56, 56, 57, 52, 47, 50, 0, 0, 0, 51, 56, 0, 0, 0, 0, 55, 58, 53, 53, 55, 0]",55.76,47,4221111111111112222222211222212332222211122113222223333332223112211222444224434422444,1,11640,14564,11520,330,0,3390,28,72,"[0, 52, 71, 64, 80, 51, 47, 50, 47, 43, 41, 40, 46, 44, 48, 67, 79, 74, 72, 60, 94, 82, 61, 56, 54, 96, 58, 94, 56, 53, 65, 63, 49, 84, 94, 88, 86, 92, 71, 57, 73, 60, 64, 57, 51, 64, 107, 76, 88, 102, 64, 83, 95, 113, 87, 0, 83, 84, 97, 75, 84, 72, 61, 101, 105, 90, 89, 124, 133, 89, 0, 0, 0, 135, 104, 0, 0, 0, 0, 130, 71, 96, 101, 75, 0]",70,68,97,82,88,75,46,59,2019-10-19,-0.06,-0.06,0.19,-360,21900
40,10110,2019-10-21T06:30:38-06:00,23438,2019-10-20T21:27:38-06:00,-9142,14.625,4800,32580,69,"[0, 68, 0, 0, 0, 69, 68, 70, 70, 71, 72, 72, 69, 61, 62, 61, 65, 64, 63, 67, 64, 0, 0, 0, 0, 0, 57, 0, 0, 54, 55, 54, 51, 53, 56, 58, 60, 54, 51, 51, 51, 50, 49, 0, 0, 0, 53, 54, 0, 0, 0, 0, 0, 0, 0, 51, 49, 49, 49, 56, 54, 56, 55, 56, 53, 56, 59, 58, 57, 56, 55, 55, 53, 58, 60, 59, 59, 64, 58, 57, 59, 58, 0, 0, 0, 51, 49, 0, 54, 51, 0, 53, 54, 55, 56, 56, 55, 55, 54, 0, 45, 48, 50, 55, 51, 51, 56, 53, 52]",56.83,45,4233311111111323333444444444422222111222111334444444444222222422222222222122444244444222233332222222222223344,1,13170,7658,16800,360,0,4500,33,80,"[0, 22, 0, 0, 0, 33, 40, 36, 33, 30, 26, 30, 39, 62, 45, 40, 21, 27, 28, 47, 49, 0, 0, 0, 0, 0, 77, 0, 0, 107, 96, 89, 90, 81, 82, 69, 57, 95, 101, 81, 90, 85, 83, 0, 0, 0, 97, 75, 0, 0, 0, 0, 0, 0, 0, 78, 80, 108, 112, 88, 99, 94, 95, 82, 101, 81, 90, 84, 99, 84, 101, 96, 96, 61, 65, 59, 73, 93, 80, 72, 66, 88, 0, 0, 0, 97, 121, 0, 97, 122, 0, 98, 91, 89, 74, 86, 93, 103, 110, 0, 199, 146, 150, 102, 134, 140, 102, 114, 124]",63,100,81,36,46,75,61,61,2019-10-20,-0.01,-0.01,0.06,-360,22470
41,4920,2019-10-23T08:25:28-06:00,30328,2019-10-23T01:52:28-06:00,6748,14.75,5250,23580,79,"[0, 51, 0, 0, 0, 0, 0, 49, 0, 0, 0, 0, 0, 50, 51, 49, 50, 51, 52, 53, 50, 53, 54, 53, 0, 0, 0, 0, 0, 0, 0, 0, 0, 0, 0, 52, 0, 49, 51, 0, 0, 49, 0, 0, 45, 0, 0, 49, 49, 47, 47, 48, 47, 48, 0, 0, 0, 0, 0, 45, 0, 48, 47, 0, 48, 50, 52, 54, 0, 49, 52, 53, 0, 0, 0, 0, 0, 0, 56]",50.03,45,2144442231233222221121111423311311122211211222222222244444422223221132223334444,1,10260,17968,11220,150,0,3150,37,111,"[0, 96, 0, 0, 0, 0, 0, 107, 0, 0, 0, 0, 0, 68, 75, 86, 67, 88, 87, 88, 87, 79, 79, 84, 0, 0, 0, 0, 0, 0, 0, 0, 0, 0, 0, 94, 0, 134, 144, 0, 0, 121, 0, 0, 172, 0, 0, 109, 128, 140, 152, 143, 142, 135, 0, 0, 0, 0, 0, 144, 0, 123, 126, 0, 134, 126, 115, 99, 0, 142, 96, 106, 0, 0, 0, 0, 0, 0, 110]",56,40,89,61,69,67,43,46,2019-10-22,-0.14,-0.14,0.01,-360,18660
42,3390,2019-10-24T06:52:07-06:00,24727,2019-10-23T22:41:07-06:00,-4733,15.25,7440,29460,88,"[0, 0, 51, 52, 53, 54, 54, 54, 53, 53, 52, 52, 51, 50, 48, 51, 50, 52, 53, 53, 52, 53, 56, 54, 54, 53, 55, 56, 54, 56, 57, 55, 53, 57, 58, 53, 56, 54, 51, 54, 55, 56, 54, 54, 59, 55, 56, 55, 53, 55, 54, 0, 0, 54, 57, 56, 56, 53, 53, 48, 51, 51, 53, 54, 53, 56, 55, 51, 55, 54, 55, 57, 58, 51, 0, 0, 0, 0, 0, 0, 48, 47, 48, 51, 52, 0, 49, 51, 0, 0, 47, 48, 50, 0, 0, 51, 0, 56, 0]",53.2,47,442211111111122221112233333221112113112211233322224122222322222223223322113111442222222244222234444,1,13710,9277,14010,540,0,4920,33,70,"[0, 0, 83, 77, 78, 72, 72, 76, 77, 69, 73, 71, 79, 104, 73, 56, 86, 61, 55, 54, 78, 52, 46, 43, 47, 48, 48, 47, 79, 56, 57, 78, 69, 50, 45, 82, 58, 56, 106, 80, 77, 78, 82, 67, 41, 62, 59, 71, 98, 67, 92, 0, 0, 62, 46, 55, 57, 72, 81, 114, 94, 91, 97, 92, 96, 37, 49, 72, 55, 70, 65, 58, 61, 69, 0, 0, 0, 0, 0, 0, 126, 98, 137, 98, 83, 0, 81, 64, 0, 0, 91, 78, 93, 0, 0, 139, 0, 80, 0]",81,100,98,67,93,83,67,76,2019-10-23,-0.1,-0.1,0.01,-360,26070
43,3780,2019-10-25T06:40:15-06:00,24015,2019-10-24T21:58:15-06:00,-7305,15.125,7260,31320,88,"[0, 0, 55, 57, 58, 58, 59, 58, 58, 58, 53, 51, 52, 52, 52, 52, 55, 58, 59, 57, 56, 54, 55, 56, 57, 56, 55, 56, 56, 58, 57, 55, 59, 58, 56, 56, 57, 51, 55, 50, 47, 47, 50, 49, 47, 45, 46, 45, 47, 48, 49, 50, 51, 49, 50, 54, 54, 54, 0, 0, 0, 0, 50, 51, 52, 53, 53, 53, 48, 47, 48, 47, 47, 0, 52, 49, 47, 48, 49, 48, 48, 47, 46, 46, 46, 48, 49, 49, 49, 44, 0, 44, 45, 48, 45, 45, 47, 47, 43, 44, 46, 47, 50, 47, 0]",51.14,43,444211111112111112223321112221113334444442234222221111233333333222232222233322223322221112322222222222244,1,14580,8805,16110,810,0,5700,28,77,"[0, 0, 55, 60, 51, 48, 45, 52, 50, 53, 86, 67, 64, 62, 60, 63, 58, 38, 47, 39, 52, 44, 44, 44, 51, 68, 52, 41, 43, 43, 42, 47, 31, 37, 57, 61, 62, 84, 46, 94, 112, 83, 68, 85, 117, 116, 96, 85, 74, 75, 78, 76, 67, 86, 82, 47, 52, 50, 0, 0, 0, 0, 80, 61, 59, 56, 57, 62, 114, 90, 79, 83, 129, 0, 76, 76, 81, 73, 77, 93, 82, 110, 124, 113, 107, 121, 121, 115, 113, 135, 0, 111, 109, 120, 121, 119, 104, 115, 141, 162, 167, 158, 124, 137, 0]",87,100,97,81,90,97,78,81,2019-10-24,-0.19,-0.19,-0.06,-360,27540
44,4800,2019-10-26T07:49:15-06:00,28155,2019-10-25T23:18:15-06:00,-2505,14.875,8310,30660,84,"[47, 48, 50, 52, 53, 52, 50, 51, 52, 55, 54, 54, 52, 53, 56, 58, 59, 59, 56, 56, 54, 56, 58, 59, 55, 55, 56, 57, 57, 57, 54, 52, 50, 52, 48, 48, 49, 49, 50, 51, 52, 52, 51, 52, 50, 51, 0, 51, 53, 53, 55, 54, 54, 52, 48, 46, 49, 51, 51, 51, 50, 52, 49, 50, 50, 50, 50, 50, 49, 0, 0, 0, 0, 0, 56, 56, 57, 59, 62, 62, 58, 56, 54, 55, 55, 57, 59, 62, 64, 64, 55, 60, 59, 59, 58, 59, 58, 54, 59, 56, 54, 60, 0]",54.03,46,4211111111112223333222111221111222122221132222122111112222222222222124444444442442222222112233333233344,1,13740,11655,14160,210,0,3810,36,73,"[124, 120, 82, 75, 66, 78, 85, 74, 63, 51, 57, 77, 76, 62, 41, 32, 35, 41, 47, 62, 55, 43, 40, 49, 53, 56, 55, 52, 52, 58, 75, 80, 98, 85, 82, 78, 111, 141, 82, 74, 60, 67, 61, 67, 60, 85, 0, 92, 90, 85, 83, 76, 69, 99, 104, 139, 75, 58, 70, 68, 88, 70, 79, 79, 81, 96, 111, 139, 124, 0, 0, 0, 0, 0, 59, 85, 76, 81, 66, 89, 86, 59, 55, 77, 82, 94, 65, 60, 65, 70, 88, 56, 51, 68, 68, 75, 64, 82, 58, 91, 91, 99, 0]",76,92,99,67,83,70,52,75,2019-10-25,0.48,0.48,0.17,-360,25860
45,1590,2019-10-27T08:13:51-06:00,29631,2019-10-27T02:46:51-06:00,10011,14.625,7290,19620,92,"[49, 47, 49, 51, 52, 49, 50, 51, 52, 53, 52, 50, 53, 52, 51, 50, 50, 51, 53, 46, 49, 47, 49, 50, 52, 53, 53, 53, 54, 45, 43, 50, 48, 49, 47, 47, 45, 47, 47, 0, 0, 0, 0, 0, 0, 50, 44, 48, 53, 51, 53, 54, 54, 53, 48, 48, 48, 53, 52, 50, 54, 50, 52, 53, 52, 54]",50.22,43,222112211112332211122211111112223233223344332222222111111122222344,1,7860,19521,9510,90,0,2880,23,99,"[123, 143, 116, 91, 98, 121, 91, 74, 87, 82, 79, 93, 75, 61, 83, 74, 82, 85, 75, 167, 140, 139, 111, 119, 111, 96, 102, 97, 99, 116, 111, 88, 81, 85, 102, 94, 114, 115, 110, 0, 0, 0, 0, 0, 0, 93, 142, 116, 73, 96, 78, 63, 73, 63, 130, 145, 163, 93, 114, 105, 74, 94, 109, 103, 146, 77]",60,27,98,81,97,64,38,44,2019-10-26,-0.08,-0.08,0.2,-360,18030
46,4680,2019-10-28T07:40:51-06:00,27651,2019-10-27T22:16:51-06:00,-6189,14.75,7110,33840,86,"[0, 52, 50, 0, 52, 54, 54, 55, 56, 57, 51, 0, 50, 53, 53, 0, 0, 0, 0, 0, 47, 52, 54, 54, 50, 50, 51, 51, 51, 48, 48, 50, 50, 51, 49, 50, 51, 0, 48, 50, 50, 50, 50, 49, 51, 52, 54, 53, 50, 49, 47, 48, 46, 49, 51, 52, 53, 54, 52, 43, 44, 43, 47, 47, 48, 49, 49, 47, 49, 0, 0, 0, 0, 48, 49, 48, 49, 48, 49, 49, 51, 55, 53, 52, 54, 55, 53, 52, 55, 50, 53, 53, 55, 53, 54, 56, 55, 56, 57, 54, 53, 55, 57, 58, 59, 59, 59, 54, 55, 58, 48, 53, 0]",51.54,43,42111111111422113334222222111222112214222222221122222221111222222322244444222222222222222222333333332333333222344,1,16590,10731,16920,390,0,5460,29,86,"[0, 81, 107, 0, 101, 102, 105, 105, 103, 105, 86, 0, 154, 94, 136, 0, 0, 0, 0, 0, 110, 63, 61, 60, 112, 91, 82, 82, 81, 93, 78, 75, 72, 73, 79, 77, 71, 0, 86, 81, 88, 94, 83, 87, 94, 90, 94, 91, 104, 103, 118, 103, 113, 88, 81, 78, 73, 73, 91, 121, 115, 115, 88, 140, 102, 123, 131, 101, 78, 0, 0, 0, 0, 119, 104, 81, 99, 77, 74, 71, 81, 64, 71, 81, 85, 86, 94, 99, 71, 92, 79, 72, 67, 72, 72, 52, 76, 61, 50, 86, 81, 66, 66, 64, 57, 55, 70, 115, 90, 93, 126, 98, 0]",84,100,97,66,86,78,74,87,2019-10-27,0.37,0.37,0.3,-360,29160
47,1110,2019-10-29T07:42:08-06:00,27728,2019-10-29T04:12:08-06:00,15128,14.25,3480,12600,91,"[0, 53, 50, 51, 50, 50, 51, 52, 53, 53, 53, 52, 55, 48, 50, 51, 52, 50, 52, 50, 54, 54, 53, 53, 54, 54, 55, 50, 56, 52, 54, 55, 50, 51, 50, 52, 52, 0, 53, 52, 54, 52, 51]",52.12,48,442212221221132221111122222332222222331114,1,6660,21458,6330,450,1,1350,38,80,"[0, 79, 69, 82, 106, 99, 82, 81, 78, 77, 65, 68, 57, 82, 73, 69, 89, 93, 77, 94, 64, 77, 93, 86, 81, 74, 62, 91, 63, 76, 71, 59, 87, 91, 87, 81, 90, 0, 85, 85, 66, 103, 84]",46,19,58,74,97,81,18,22,2019-10-28,-0.2,-0.2,0.14,-360,11490
48,2550,2019-10-30T07:02:02-06:00,25322,2019-10-29T22:57:02-06:00,-3778,14.75,2700,29100,91,"[0, 57, 60, 62, 63, 64, 64, 64, 64, 65, 65, 63, 60, 0, 57, 62, 64, 64, 63, 67, 67, 63, 64, 63, 59, 61, 61, 61, 0, 61, 63, 63, 65, 66, 65, 64, 63, 64, 66, 61, 61, 61, 62, 63, 58, 57, 57, 56, 59, 61, 62, 56, 58, 59, 60, 57, 59, 58, 56, 57, 57, 59, 56, 58, 59, 58, 57, 56, 53, 55, 57, 57, 60, 59, 59, 60, 60, 60, 59, 59, 55, 50, 53, 49, 48, 53, 51, 52, 50, 50, 0, 0, 0, 56, 58, 56, 56, 58]",59.33,48,4222222222124423322333322333333111322332331144222212222222223222322222222212222222222222233314224,1,17730,10772,14550,360,0,6120,37,50,"[0, 78, 45, 47, 40, 38, 39, 33, 32, 33, 34, 45, 64, 0, 54, 31, 31, 37, 38, 26, 30, 22, 21, 40, 50, 24, 24, 36, 0, 52, 36, 35, 34, 34, 31, 48, 40, 32, 17, 36, 39, 40, 40, 47, 66, 75, 54, 65, 52, 45, 40, 69, 48, 41, 39, 70, 52, 51, 59, 54, 63, 59, 48, 39, 45, 62, 63, 77, 83, 70, 60, 59, 49, 51, 53, 52, 51, 51, 53, 44, 110, 105, 82, 103, 142, 87, 72, 97, 103, 102, 0, 0, 0, 87, 59, 85, 69, 48]",78,99,45,76,96,75,83,77,2019-10-29,0.06,0.06,0.11,-360,26550
49,3360,2019-10-31T07:33:25-06:00,27205,2019-10-30T23:32:25-06:00,-1655,14.0,6000,28860,88,"[0, 0, 51, 51, 53, 52, 54, 55, 56, 56, 57, 57, 58, 52, 54, 55, 58, 58, 56, 57, 58, 55, 52, 53, 55, 54, 54, 55, 56, 57, 57, 59, 57, 61, 55, 54, 54, 51, 52, 55, 57, 58, 56, 52, 52, 52, 54, 57, 57, 59, 0, 0, 52, 50, 55, 54, 48, 51, 51, 47, 49, 50, 50, 50, 53, 51, 52, 54, 52, 52, 52, 56, 53, 49, 53, 52, 50, 52, 52, 55, 57, 56, 57, 58, 58, 57, 50, 49, 50, 51, 52, 48, 54, 51, 50, 50, 58]",53.75,47,4421121111111221122112222122113333222221112222224444422422222211322233333322222233333222222232244,1,14700,12805,14460,600,0,4800,30,75,"[0, 0, 89, 90, 73, 84, 61, 58, 60, 57, 58, 53, 51, 111, 73, 69, 46, 50, 69, 56, 56, 71, 74, 56, 59, 60, 68, 65, 58, 48, 40, 33, 47, 30, 82, 68, 68, 93, 80, 63, 52, 51, 64, 106, 92, 78, 85, 67, 62, 70, 0, 0, 87, 117, 99, 92, 90, 82, 79, 104, 99, 92, 85, 106, 71, 98, 83, 72, 85, 79, 104, 83, 95, 106, 97, 86, 95, 91, 81, 72, 63, 70, 59, 56, 65, 65, 104, 106, 94, 97, 84, 96, 96, 102, 121, 119, 81]",80,83,96,84,93,86,65,73,2019-10-30,-0.35,-0.35,-0.06,-360,25500
